{
    "loss": 0.1255543977022171,
    "accuracy": 0.9753086566925049
}